{
 "actions": [
  {
   "data": {
    "image_back_fisheye_image": [
     {
      "filename": "InternalAcquisitions image_back_fisheye_image.jpg",
      "data_id": {
       "action_id": {
        "group_name": "DataAcquisitionExample_2023-03-22T20-22-42.350775234Z",
        "timestamp": "2023-03-22T20:22:42.408449730Z",
        "action_name": "InternalAcquisitions"
       },
       "data_name": "",
       "channel": "image_back_fisheye_image"
      }
     }
    ]
   },
   "metadata": {
    "robot-state": [
     {
      "data": {
       "terrain_state": {
        "is_unsafe_to_sit": false
       },
       "kinematic_state": {
        "velocity_of_body_in_odom": {
         "linear": {
          "y": -1.4347388059832156e-06,
          "x": -0.00019436571164987981,
          "z": 0.00087050319416448474
         },
         "angular": {
          "x": -0.0070486618205904961,
          "y": 0.0029960121028125286,
          "z": -0.00085136637790128589
         }
        },
        "acquisition_timestamp": "2023-03-22T20:22:42.438193920Z",
        "joint_states": [
         {
          "acceleration": -1.1331290006637573,
          "load": -0.37107717990875244,
          "name": "fl.hx",
          "velocity": -0.0098476512357592583,
          "position": 0.525327742099762
         },
         {
          "load": 2.967292308807373,
          "name": "fl.hy",
          "velocity": 0.00047826042282395065,
          "acceleration": 5.0078978538513184,
          "position": 1.4275097846984863
         },
         {
          "acceleration": 3.2294776439666748,
          "name": "fl.kn",
          "velocity": 0.0030249394476413727,
          "position": -2.7944779396057129,
          "load": -0.53464442491531372
         },
         {
          "velocity": 0.0074624698609113693,
          "load": 0.61366868019104,
          "name": "fr.hx",
          "position": -0.52638161182403564,
          "acceleration": -0.96674227714538574
         },
         {
          "name": "fr.hy",
          "velocity": -0.032958239316940308,
          "acceleration": -5.2356290817260742,
          "position": 1.4327415227890015,
          "load": 2.0261235237121582
         },
         {
          "velocity": 0.0078427866101264954,
          "position": -2.7988488674163818,
          "acceleration": 0.56994634866714478,
          "name": "fr.kn",
          "load": -0.40401843190193176
         },
         {
          "velocity": 0.01711675152182579,
          "load": -9.5768260955810547,
          "name": "hl.hx",
          "acceleration": 0.63984501361846924,
          "position": 0.55998951196670532
         },
         {
          "name": "hl.hy",
          "position": 1.4222918748855591,
          "load": 3.3065860271453857,
          "velocity": 0.0098633775487542152,
          "acceleration": 5.9387178421020508
         },
         {
          "name": "hl.kn",
          "velocity": -0.0018962513422593474,
          "position": -2.7945516109466553,
          "acceleration": -10.630043983459473,
          "load": 0.14835932850837708
         },
         {
          "load": 9.5785770416259766,
          "velocity": 0.0096804480999708176,
          "position": -0.560928225517273,
          "name": "hr.hx",
          "acceleration": -0.75945055484771729
         },
         {
          "name": "hr.hy",
          "acceleration": 0.29663953185081482,
          "velocity": -0.026118971407413483,
          "position": 1.4213471412658691,
          "load": 3.6142346858978271
         },
         {
          "position": -2.7972450256347656,
          "name": "hr.kn",
          "acceleration": 3.7014691829681396,
          "load": -0.072266735136508942,
          "velocity": -0.0059777460992336273
         },
         {
          "load": 0.14679376780986786,
          "name": "arm0.sh0",
          "velocity": -0.0030011944472789764,
          "position": -0.00014376640319824219,
          "acceleration": 1.120191216468811
         },
         {
          "position": -3.1152889728546143,
          "acceleration": 0.61031925678253174,
          "load": 3.1609418392181396,
          "name": "arm0.sh1",
          "velocity": 0.0016071440186351538
         },
         {
          "acceleration": 0,
          "velocity": 0,
          "position": 0,
          "name": "arm0.hr0",
          "load": 0
         },
         {
          "position": 3.1308200359344482,
          "acceleration": -1.9564263820648193,
          "name": "arm0.el0",
          "load": 2.8458189964294434,
          "velocity": 0.0085100084543228149
         },
         {
          "acceleration": -2.7514464855194092,
          "name": "arm0.el1",
          "velocity": 0.0018259497592225671,
          "position": 1.5658369064331055,
          "load": 0.41546127200126648
         },
         {
          "position": -0.001986384391784668,
          "velocity": 0.018709791824221611,
          "acceleration": 0.033605895936489105,
          "load": 0.294869989156723,
          "name": "arm0.wr0"
         },
         {
          "velocity": 0.0089090066030621529,
          "position": -1.5696151256561279,
          "name": "arm0.wr1",
          "acceleration": 2.3736212253570557,
          "load": -0.052170325070619583
         },
         {
          "velocity": -0.0019435267895460129,
          "position": -0.016675591468811035,
          "acceleration": 1.728739857673645,
          "name": "arm0.f1x",
          "load": 0.49221399426460266
         }
        ],
        "transforms_snapshot": {
         "child_to_parent_edge_map": {
          "hand": {
           "parent_tform_child": {
            "position": {
             "y": -0.00042607856448739767,
             "x": 0.55357921123504639,
             "z": 0.26259493827819824
            },
            "rotation": {
             "z": -0.0010503685334697366,
             "y": 0.0077625247649848461,
             "x": -0.0018962152535095811,
             "w": 0.99996751546859741
            }
           },
           "parent_frame_name": "body"
          },
          "gpe": {
           "parent_tform_child": {
            "position": {
             "x": -0.88455080986022949,
             "y": 0.19671623408794403,
             "z": 1.0029113292694092
            },
            "rotation": {
             "x": -0.0028546822723001242,
             "w": 0.99999493360519409,
             "y": -0.0014095435617491603,
             "z": 4.023818746645702e-06
            }
           },
           "parent_frame_name": "odom"
          },
          "odom": {
           "parent_tform_child": {
            "rotation": {
             "z": -0.98501837253570557,
             "y": -0.0025575133040547371,
             "x": -0.0057469392195343971,
             "w": 0.17233458161354065
            },
            "position": {
             "z": -1.0814212560653687,
             "x": -0.910141110420227,
             "y": -0.12291761487722397
            }
           },
           "parent_frame_name": "body"
          },
          "link_wr1": {
           "parent_frame_name": "body",
           "parent_tform_child": {
            "position": {
             "y": -9.4933639047667384e-06,
             "x": 0.35803323984146118,
             "z": 0.265630304813385
            },
            "rotation": {
             "z": -0.0010503685334697366,
             "w": 0.99996751546859741,
             "x": -0.0018962152535095811,
             "y": 0.0077625247649848461
            }
           }
          },
          "flat_body": {
           "parent_tform_child": {
            "rotation": {
             "w": 0.99998015165328979,
             "x": -0.0035097587388008833,
             "z": -1.8258537238580175e-05,
             "y": 0.0052201319485902786
            },
            "position": {
             "x": 0,
             "z": 0,
             "y": 0
            }
           },
           "parent_frame_name": "body"
          },
          "vision": {
           "parent_tform_child": {
            "position": {
             "z": 0.0033738617785274982,
             "x": -0.68379426002502441,
             "y": 0.15066753327846527
            },
            "rotation": {
             "y": 0.0046134665608406067,
             "z": -0.15491470694541931,
             "x": -0.0042759967036545277,
             "w": 0.987907886505127
            }
           },
           "parent_frame_name": "body"
          },
          "body": {
           "parent_tform_child": {
            "rotation": {
             "y": 0,
             "z": 0,
             "x": 0,
             "w": 1
            },
            "position": {
             "y": 0,
             "z": 0,
             "x": 0
            }
           },
           "parent_frame_name": ""
          }
         }
        },
        "velocity_of_body_in_vision": {
         "linear": {
          "z": 0.000870504358317703,
          "x": 0.00015296910714823753,
          "y": 0.00011991937935817987
         },
         "angular": {
          "x": 0.0074101714417338371,
          "y": 0.001936261891387403,
          "z": -0.00085136637790128589
         }
        }
       },
       "power_state": {
        "shore_power_state": "STATE_OFF_SHORE_POWER",
        "robot_power_state": "ROBOT_POWER_STATE_ON",
        "locomotion_charge_percentage": 10,
        "locomotion_estimated_runtime": "598.327148437s",
        "payload_ports_power_state": "PAYLOAD_PORTS_POWER_STATE_ON",
        "wifi_radio_power_state": "WIFI_RADIO_POWER_STATE_ON",
        "motor_power_state": "STATE_ON",
        "lte_radio_power_state": "LTE_RADIO_POWER_STATE_ON"
       },
       "behavior_fault_state": {
        "faults": []
       },
       "battery_states": [
        {
         "charge_percentage": 10,
         "identifier": "a2-22518-0029",
         "status": "STATUS_DISCHARGING",
         "current": -5.3440003395080566,
         "estimated_runtime": "598.327148437s",
         "voltage": 46.326000213623047,
         "temperatures": [
          38.155555725097656,
          38.270370483398438,
          38.725925445556641,
          38.985183715820312,
          37.985183715820312,
          38.770370483398438,
          38.388889312744141,
          38.251850128173828,
          38.329627990722656,
          38.340740203857422
         ]
        }
       ],
       "foot_state": [
        {
         "foot_position_rt_body": {
          "y": 0.2351682186126709,
          "x": 0.33169153332710266,
          "z": -0.089590385556221008
         },
         "contact": "CONTACT_LOST",
         "terrain": {
          "ground_mu_est": 0.60000002384185791,
          "foot_slip_distance_rt_frame": {
           "z": -1.5080006505741039e-06,
           "x": -0.00067334948107600212,
           "y": -0.0016231043264269829
          },
          "ground_contact_normal_rt_frame": {
           "x": -0.0040810457430779934,
           "z": 0.99999141693115234,
           "y": 0.00076400302350521088
          },
          "frame_name": "odom",
          "visual_surface_ground_penetration_std": 0,
          "foot_slip_velocity_rt_frame": {
           "x": 0.0058619799092411995,
           "y": -0.01133447140455246,
           "z": 3.2582644053036347e-05
          },
          "visual_surface_ground_penetration_mean": 0
         }
        },
        {
         "contact": "CONTACT_LOST",
         "terrain": {
          "foot_slip_distance_rt_frame": {
           "x": 0.00076068827183917165,
           "z": 1.6284188859572168e-06,
           "y": 0.0019318073755130172
          },
          "visual_surface_ground_penetration_std": 0,
          "foot_slip_velocity_rt_frame": {
           "x": 0.012104610912501812,
           "y": -0.006720410194247961,
           "z": 5.4533949878532439e-05
          },
          "ground_mu_est": 0.60000002384185791,
          "frame_name": "odom",
          "ground_contact_normal_rt_frame": {
           "y": 0.00076400302350521088,
           "z": 0.99999141693115234,
           "x": -0.0040810457430779934
          },
          "visual_surface_ground_penetration_mean": 0
         },
         "foot_position_rt_body": {
          "z": -0.088239438831806183,
          "x": 0.33124300837516785,
          "y": -0.2345879077911377
         }
        },
        {
         "terrain": {
          "foot_slip_distance_rt_frame": {
           "y": -5.6316130212508142e-05,
           "x": 1.5347894077422097e-05,
           "z": -1.4493182789010461e-05
          },
          "visual_surface_ground_penetration_std": 0,
          "ground_mu_est": 0.60000002384185791,
          "ground_contact_normal_rt_frame": {
           "z": 0.96405786275863647,
           "x": -0.04829464852809906,
           "y": -0.26126629114151
          },
          "visual_surface_ground_penetration_mean": 0,
          "frame_name": "odom",
          "foot_slip_velocity_rt_frame": {
           "y": -0.0062434365972876549,
           "x": 0.0019418683368712664,
           "z": -0.00159473589155823
          }
         },
         "contact": "CONTACT_LOST",
         "foot_position_rt_body": {
          "x": -0.26312604546546936,
          "y": 0.23805610835552216,
          "z": -0.083119615912437439
         }
        },
        {
         "foot_position_rt_body": {
          "z": -0.0821257084608078,
          "y": -0.23761764168739319,
          "x": -0.26271256804466248
         },
         "contact": "CONTACT_LOST",
         "terrain": {
          "ground_mu_est": 0.60000002384185791,
          "ground_contact_normal_rt_frame": {
           "z": 0.99999129772186279,
           "y": 0.0007050594431348145,
           "x": -0.0041266088373959064
          },
          "foot_slip_velocity_rt_frame": {
           "z": -2.5264828309445875e-06,
           "x": -0.0018989619566127658,
           "y": -0.0075314310379326344
          },
          "visual_surface_ground_penetration_std": 0,
          "visual_surface_ground_penetration_mean": 0,
          "foot_slip_distance_rt_frame": {
           "z": 8.0103529853658983e-07,
           "y": -0.00017121376004070044,
           "x": 0.00016484728257637471
          },
          "frame_name": "odom"
         }
        }
       ],
       "system_fault_state": {
        "historical_faults": [],
        "aggregated": {
         "battery": "SEVERITY_WARN",
         "robot": "SEVERITY_WARN"
        },
        "faults": [
         {
          "code": 21,
          "name": "battery_fault",
          "uid": "8862695445",
          "error_message": "Battery has low state of charge (10.0%)",
          "duration": "13.704055070s",
          "attributes": [
           "robot",
           "battery"
          ],
          "onset_timestamp": "2023-03-22T20:22:28.731139072Z",
          "severity": "SEVERITY_WARN"
         }
        ]
       },
       "manipulator_state": {
        "gripper_open_percentage": 1.0621368885040283,
        "velocity_of_hand_in_vision": {
         "angular": {
          "x": 0.014665530994534492,
          "y": 0.014858266338706017,
          "z": 0.014873526059091091
         },
         "linear": {
          "y": 0.00068465399090200663,
          "x": 0.00062992697348818183,
          "z": -0.0044302516616880894
         }
        },
        "is_gripper_holding_item": false,
        "stow_state": "STOWSTATE_STOWED",
        "carry_state": "CARRY_STATE_NOT_CARRIABLE",
        "velocity_of_hand_in_odom": {
         "angular": {
          "z": 0.014873525127768517,
          "x": -0.020688552409410477,
          "y": -0.002798084169626236
         },
         "linear": {
          "x": -0.00091701955534517765,
          "z": -0.0044302530586719513,
          "y": -0.000156951486133039
         }
        },
        "estimated_end_effector_force_in_hand": {
         "x": 9.3024263381958,
         "z": 20.198877334594727,
         "y": -0.86010879278182983
        }
       },
       "estop_states": [
        {
         "state": "STATE_NOT_ESTOPPED",
         "name": "hardware_estop",
         "timestamp": "2023-03-22T20:22:42.438193920Z",
         "state_description": "",
         "type": "TYPE_HARDWARE"
        },
        {
         "type": "TYPE_HARDWARE",
         "timestamp": "2023-03-22T20:22:42.438193920Z",
         "name": "payload_estop",
         "state": "STATE_NOT_ESTOPPED",
         "state_description": ""
        },
        {
         "state_description": "",
         "type": "TYPE_SOFTWARE",
         "name": "software_estop",
         "state": "STATE_NOT_ESTOPPED",
         "timestamp": "2023-03-22T20:22:42.438193920Z"
        }
       ],
       "comms_states": [
        {
         "timestamp": "2023-03-22T20:22:41.748054318Z",
         "wifi_state": {
          "current_mode": "MODE_ACCESS_POINT",
          "essid": ""
         }
        }
       ]
      },
      "data_id": {
       "channel": "robot-state",
       "action_id": {
        "timestamp": "2023-03-22T20:22:42.408449730Z",
        "group_name": "DataAcquisitionExample_2023-03-22T20-22-42.350775234Z",
        "action_name": "InternalAcquisitions"
       },
       "data_name": ""
      }
     }
    ],
    "detected-objects": [
     {
      "data": {
       "world_objects": []
      },
      "data_id": {
       "data_name": "",
       "channel": "detected-objects",
       "action_id": {
        "group_name": "DataAcquisitionExample_2023-03-22T20-22-42.350775234Z",
        "action_name": "InternalAcquisitions",
        "timestamp": "2023-03-22T20:22:42.408449730Z"
       }
      }
     }
    ],
    "detailed-position-data": [
     {
      "data_id": {
       "channel": "detailed-position-data",
       "data_name": "",
       "action_id": {
        "timestamp": "2023-03-22T20:22:42.408449730Z",
        "action_name": "InternalAcquisitions",
        "group_name": "DataAcquisitionExample_2023-03-22T20-22-42.350775234Z"
       }
      },
      "data": {
       "remote_cloud_status": [],
       "localization": {
        "seed_tform_body": {},
        "waypoint_id": ""
       },
       "robot_kinematics": {
        "joint_states": [
         {
          "load": -0.5461992621421814,
          "velocity": 0.01310803834348917,
          "name": "fl.hx",
          "position": 0.52537256479263306,
          "acceleration": 0.0016948800766840577
         },
         {
          "position": 1.4275606870651245,
          "velocity": 0.012330794706940651,
          "name": "fl.hy",
          "acceleration": -0.94123774766922,
          "load": 2.6880950927734375
         },
         {
          "acceleration": -3.0229859352111816,
          "velocity": 0.01423772145062685,
          "position": -2.7945098876953125,
          "load": -0.53032940626144409,
          "name": "fl.kn"
         },
         {
          "velocity": 0.0021176494192332029,
          "name": "fr.hx",
          "position": -0.52638792991638184,
          "acceleration": 4.3351774215698242,
          "load": 0.73413300514221191
         },
         {
          "position": 1.4328246116638184,
          "name": "fr.hy",
          "velocity": 0.0087632723152637482,
          "load": 1.7901967763900757,
          "acceleration": -5.19928503036499
         },
         {
          "acceleration": -3.8520293235778809,
          "load": -0.39976909756660461,
          "velocity": -0.017367739230394363,
          "name": "fr.kn",
          "position": -2.7988648414611816
         },
         {
          "velocity": -0.017713937908411026,
          "load": -9.9282684326171875,
          "position": 0.56003427505493164,
          "name": "hl.hx",
          "acceleration": -1.7917848825454712
         },
         {
          "velocity": 0.011833382770419121,
          "position": 1.4224131107330322,
          "name": "hl.hy",
          "acceleration": 3.9182968139648438,
          "load": 2.9419617652893066
         },
         {
          "position": -2.7945516109466553,
          "acceleration": -3.5159683227539062,
          "load": 0.12691624462604523,
          "velocity": 0.0021394672803580761,
          "name": "hl.kn"
         },
         {
          "velocity": 0.010157402604818344,
          "position": -0.56094104051589966,
          "acceleration": 5.7892732620239258,
          "name": "hr.hx",
          "load": 9.76032829284668
         },
         {
          "name": "hr.hy",
          "velocity": -0.0018841919954866171,
          "position": 1.4213918447494507,
          "load": 3.3350327014923096,
          "acceleration": 1.7094501256942749
         },
         {
          "position": -2.7972290515899658,
          "load": -0.080551102757453918,
          "acceleration": 1.7554706335067749,
          "velocity": 0.046065591275691986,
          "name": "hr.kn"
         },
         {
          "velocity": 0.00027590108220465481,
          "load": 0.17059916257858276,
          "acceleration": 1.6329737901687622,
          "name": "arm0.sh0",
          "position": -0.0001583099365234375
         },
         {
          "position": -3.115281343460083,
          "acceleration": -0.0067947171628475189,
          "velocity": 0.000178134287125431,
          "name": "arm0.sh1",
          "load": 3.0195159912109375
         },
         {
          "acceleration": 0,
          "velocity": 0,
          "position": 0,
          "load": 0,
          "name": "arm0.hr0"
         },
         {
          "load": 2.7999701499938965,
          "position": 3.1308119297027588,
          "name": "arm0.el0",
          "velocity": 0.0049422550946474075,
          "acceleration": -0.055996779352426529
         },
         {
          "position": 1.56582772731781,
          "velocity": 0.00016218445671256632,
          "name": "arm0.el1",
          "acceleration": -0.58016788959503174,
          "load": 0.40831559896469116
         },
         {
          "name": "arm0.wr0",
          "load": 0.29857972264289856,
          "acceleration": -2.5104193687438965,
          "velocity": -0.0086943022906780243,
          "position": -0.002032160758972168
         },
         {
          "load": -0.054089784622192383,
          "acceleration": 0.84436869621276855,
          "position": -1.5696427822113037,
          "name": "arm0.wr1",
          "velocity": -0.0247163325548172
         },
         {
          "name": "arm0.f1x",
          "position": -0.016711592674255371,
          "acceleration": -1.0079015493392944,
          "load": -0.19536766409873962,
          "velocity": 0.0078639369457960129
         }
        ],
        "acquisition_timestamp": "2023-03-22T20:22:42.231194112Z",
        "transforms_snapshot": {
         "child_to_parent_edge_map": {
          "odom": {
           "parent_frame_name": "body",
           "parent_tform_child": {
            "position": {
             "x": -0.9101712703704834,
             "z": -1.0813971757888794,
             "y": -0.12291857600212097
            },
            "rotation": {
             "x": -0.0057505345903337,
             "w": 0.17235003411769867,
             "z": -0.98501574993133545,
             "y": -0.0025431402027606964
            }
           }
          },
          "vision": {
           "parent_tform_child": {
            "position": {
             "x": -0.68292903900146484,
             "y": 0.15029563009738922,
             "z": 0.0034776926040649414
            },
            "rotation": {
             "y": 0.0046216095797717571,
             "z": -0.15487606823444366,
             "x": -0.0042634448036551476,
             "w": 0.987913966178894
            }
           },
           "parent_frame_name": "body"
          },
          "hand": {
           "parent_frame_name": "body",
           "parent_tform_child": {
            "position": {
             "x": 0.55357921123504639,
             "z": 0.26259782910346985,
             "y": -0.00043883512262254953
            },
            "rotation": {
             "z": -0.0010803848272189498,
             "x": -0.0019147535786032677,
             "y": 0.0077622383832931519,
             "w": 0.99996739625930786
            }
           }
          },
          "gpe": {
           "parent_tform_child": {
            "rotation": {
             "w": 0.99999493360519409,
             "x": -0.0028546822723001242,
             "z": 4.023818746645702e-06,
             "y": -0.0014095435617491603
            },
            "position": {
             "y": 0.19672128558158875,
             "x": -0.884570837020874,
             "z": 1.0028951168060303
            }
           },
           "parent_frame_name": "odom"
          },
          "flat_body": {
           "parent_frame_name": "body",
           "parent_tform_child": {
            "position": {
             "x": 0,
             "y": 0,
             "z": 0
            },
            "rotation": {
             "w": 0.99998027086257935,
             "z": -1.8311317035113461e-05,
             "y": 0.0052260956726968288,
             "x": -0.0034963027574121952
            }
           }
          },
          "link_wr1": {
           "parent_frame_name": "body",
           "parent_tform_child": {
            "position": {
             "z": 0.26563304662704468,
             "x": 0.35803321003913879,
             "y": -1.0453717550262809e-05
            },
            "rotation": {
             "w": 0.99996739625930786,
             "x": -0.0019147535786032677,
             "y": 0.0077622383832931519,
             "z": -0.0010803848272189498
            }
           }
          },
          "body": {
           "parent_frame_name": "",
           "parent_tform_child": {
            "position": {
             "x": 0,
             "y": 0,
             "z": 0
            },
            "rotation": {
             "y": 0,
             "w": 1,
             "z": 0,
             "x": 0
            }
           }
          }
         }
        },
        "velocity_of_body_in_vision": {
         "linear": {
          "x": -0.00019488732505124062,
          "z": -0.0011183534516021609,
          "y": 0.00022004949278198183
         },
         "angular": {
          "y": 0.0015542220789939165,
          "z": 0.0022219766397029161,
          "x": -0.00046516256406903267
         }
        },
        "velocity_of_body_in_odom": {
         "angular": {
          "x": -0.0005815805634483695,
          "y": -0.001514512812718749,
          "z": 0.0022219766397029161
         },
         "linear": {
          "z": -0.0011183539172634482,
          "x": 1.9792219973169267e-05,
          "y": -0.00029327621450647712
         }
        }
       },
       "lost_detector_state": {
        "is_lost": false
       }
      }
     }
    ]
   },
   "action_id": {
    "group_name": "DataAcquisitionExample_2023-03-22T20-22-42.350775234Z",
    "timestamp": "2023-03-22T20:22:42.408449730Z",
    "action_name": "InternalAcquisitions"
   }
  },
  {
   "data": {
    "image_left_fisheye_image": [
     {
      "data_id": {
       "data_name": "",
       "channel": "image_left_fisheye_image",
       "action_id": {
        "timestamp": "2023-03-22T20:22:42.806271170Z",
        "action_name": "AllAcquisitions",
        "group_name": "DataAcquisitionExample_2023-03-22T20-22-42.350775234Z"
       }
      },
      "filename": "AllAcquisitions image_left_fisheye_image.jpg"
     }
    ],
    "image_right_fisheye_image": [
     {
      "data_id": {
       "channel": "image_right_fisheye_image",
       "action_id": {
        "group_name": "DataAcquisitionExample_2023-03-22T20-22-42.350775234Z",
        "timestamp": "2023-03-22T20:22:42.806271170Z",
        "action_name": "AllAcquisitions"
       },
       "data_name": ""
      },
      "filename": "AllAcquisitions image_right_fisheye_image.jpg"
     }
    ]
   },
   "action_id": {
    "timestamp": "2023-03-22T20:22:42.806271170Z",
    "action_name": "AllAcquisitions",
    "group_name": "DataAcquisitionExample_2023-03-22T20-22-42.350775234Z"
   }
  }
 ]
}
