{
 "actions": [
  {
   "action_id": {
    "action_name": "InternalAcquisitions",
    "group_name": "Trial2023-03-24T18-19-58.993367812Z",
    "timestamp": "2023-03-24T18:19:59.141855236Z"
   },
   "metadata": {
    "detailed-position-data": [
     {
      "data_id": {
       "data_name": "",
       "action_id": {
        "timestamp": "2023-03-24T18:19:59.141855236Z",
        "group_name": "Trial2023-03-24T18-19-58.993367812Z",
        "action_name": "InternalAcquisitions"
       },
       "channel": "detailed-position-data"
      },
      "data": {
       "remote_cloud_status": [],
       "localization": {
        "waypoint_id": "",
        "seed_tform_body": {}
       },
       "lost_detector_state": {
        "is_lost": false
       },
       "robot_kinematics": {
        "joint_states": [
         {
          "position": 0.52063202857971191,
          "load": -0.048454996198415756,
          "name": "fl.hx",
          "velocity": 0.0017499771201983094,
          "acceleration": -0.83482152223587036
         },
         {
          "position": 1.434719443321228,
          "load": 0.84168636798858643,
          "velocity": -0.016134681180119514,
          "name": "fl.hy",
          "acceleration": -2.0179746150970459
         },
         {
          "load": -0.020774172618985176,
          "name": "fl.kn",
          "velocity": 0.0037048798985779285,
          "acceleration": -2.7429883480072021,
          "position": -2.7957084178924561
         },
         {
          "position": -0.51919466257095337,
          "acceleration": 0.640751838684082,
          "load": -0.71387737989425659,
          "velocity": -0.00886556040495634,
          "name": "fr.hx"
         },
         {
          "acceleration": -0.71941578388214111,
          "position": 1.4282913208007812,
          "name": "fr.hy",
          "velocity": -0.00136781285982579,
          "load": 1.0963904857635498
         },
         {
          "name": "fr.kn",
          "load": 0.1719205379486084,
          "position": -2.7985773086547852,
          "velocity": 0.0061086020432412624,
          "acceleration": -6.8149204254150391
         },
         {
          "acceleration": 0.50092291831970215,
          "velocity": 0.017013385891914368,
          "load": -0.77699565887451172,
          "position": 0.57073092460632324,
          "name": "hl.hx"
         },
         {
          "position": 1.4220942258834839,
          "name": "hl.hy",
          "load": 1.1557990312576294,
          "acceleration": -0.59018594026565552,
          "velocity": -0.00064826029120013118
         },
         {
          "load": 0.10470674186944962,
          "name": "hl.kn",
          "velocity": 0.017167525365948677,
          "position": -2.7955582141876221,
          "acceleration": 0.94207632541656494
         },
         {
          "name": "hr.hx",
          "acceleration": 0.4167645275592804,
          "velocity": -0.0024858475662767887,
          "load": 0.558829665184021,
          "position": -0.58169347047805786
         },
         {
          "load": 1.9665967226028442,
          "acceleration": 1.4303673505783081,
          "velocity": 0.007639728020876646,
          "name": "hr.hy",
          "position": 1.4185645580291748
         },
         {
          "name": "hr.kn",
          "position": -2.7960464954376221,
          "velocity": -0.0096923364326357841,
          "acceleration": 3.9561734199523926,
          "load": 0.22869057953357697
         },
         {
          "position": 0.0017812252044677734,
          "name": "arm0.sh0",
          "acceleration": 0.0015146511141210794,
          "velocity": -0.0071299280971288681,
          "load": -0.49974599480628967
         },
         {
          "velocity": -0.01046821940690279,
          "name": "arm0.sh1",
          "acceleration": 0.79405677318573,
          "position": -3.1250607967376709,
          "load": 3.2445816993713379
         },
         {
          "position": 0,
          "name": "arm0.hr0",
          "acceleration": 0,
          "load": 0,
          "velocity": 0
         },
         {
          "position": 3.1305882930755615,
          "velocity": -0.014966903254389763,
          "acceleration": 0.18842636048793793,
          "load": 1.3786637783050537,
          "name": "arm0.el0"
         },
         {
          "position": 1.5700188875198364,
          "acceleration": 1.2871103286743164,
          "load": 0.054981261491775513,
          "name": "arm0.el1",
          "velocity": 0.0072962348349392414
         },
         {
          "acceleration": 3.0668423175811768,
          "velocity": 0.0042521869763731956,
          "load": -0.029453307390213013,
          "position": 4.0411949157714844e-05,
          "name": "arm0.wr0"
         },
         {
          "name": "arm0.wr1",
          "load": -0.052207812666893005,
          "velocity": 0.0074945283122360706,
          "acceleration": 2.2123258113861084,
          "position": -1.570382833480835
         },
         {
          "acceleration": 1.3547431230545044,
          "name": "arm0.f1x",
          "load": 0.003309913445264101,
          "position": -0.014218807220458984,
          "velocity": 0.0060599544085562229
         }
        ],
        "velocity_of_body_in_odom": {
         "linear": {
          "x": -6.7575947468867525e-06,
          "z": 0.00030384480487555265,
          "y": -6.5206084400415421e-05
         },
         "angular": {
          "z": -0.00012516842980403453,
          "y": 0.00058595807058736682,
          "x": -0.0020200286526232958
         }
        },
        "velocity_of_body_in_vision": {
         "angular": {
          "y": 3.60079575330019e-05,
          "z": -0.00012516842980403453,
          "x": 0.0021029922645539045
         },
         "linear": {
          "y": 6.4297222706954926e-05,
          "z": 0.00030384107958525419,
          "x": -1.2777906704286579e-05
         }
        },
        "transforms_snapshot": {
         "child_to_parent_edge_map": {
          "flat_body": {
           "parent_frame_name": "body",
           "parent_tform_child": {
            "rotation": {
             "x": -0.0049906042404472828,
             "z": -4.3004525650758296e-05,
             "y": 0.0086063751950860023,
             "w": 0.99995046854019165
            },
            "position": {
             "x": 0,
             "y": 0,
             "z": 0
            }
           }
          },
          "body": {
           "parent_tform_child": {
            "position": {
             "y": 0,
             "x": 0,
             "z": 0
            },
            "rotation": {
             "z": 0,
             "x": 0,
             "y": 0,
             "w": 1
            }
           },
           "parent_frame_name": ""
          },
          "link_wr1": {
           "parent_tform_child": {
            "rotation": {
             "y": 0.0027635935693979263,
             "x": -0.00018437783000990748,
             "w": 0.999995768070221,
             "z": 0.00091131794033572078
            },
            "position": {
             "y": 0.00011623319005593657,
             "z": 0.2663654088973999,
             "x": 0.35725453495979309
            }
           },
           "parent_frame_name": "body"
          },
          "odom": {
           "parent_frame_name": "body",
           "parent_tform_child": {
            "rotation": {
             "x": -0.0092395041137933731,
             "w": 0.14507013559341431,
             "y": -0.0036888178437948227,
             "z": -0.98937129974365234
            },
            "position": {
             "x": -1.5373649597167969,
             "z": -1.4812984466552734,
             "y": 2.6559722423553467
            }
           }
          },
          "gpe": {
           "parent_frame_name": "odom",
           "parent_tform_child": {
            "rotation": {
             "y": -2.6132616767426953e-05,
             "w": 0.99998915195465088,
             "x": -0.0046603227965533733,
             "z": 1.2178774966287165e-07
            },
            "position": {
             "x": -0.68149352073669434,
             "y": 2.9923675060272217,
             "z": 1.3891366720199585
            }
           }
          },
          "hand": {
           "parent_tform_child": {
            "position": {
             "x": 0.55282121896743774,
             "z": 0.26528438925743103,
             "y": 0.00047248529153876007
            },
            "rotation": {
             "y": 0.0027635935693979263,
             "x": -0.00018437783000990748,
             "w": 0.999995768070221,
             "z": 0.00091131794033572078
            }
           },
           "parent_frame_name": "body"
          },
          "vision": {
           "parent_tform_child": {
            "rotation": {
             "y": 0.0085858972743153572,
             "w": 0.99994200468063354,
             "z": -0.0041318647563457489,
             "x": -0.0050257556140422821
            },
            "position": {
             "x": -0.57053530216217041,
             "z": 0.010701891034841537,
             "y": 3.0567607879638672
            }
           },
           "parent_frame_name": "body"
          }
         }
        },
        "acquisition_timestamp": "2023-03-24T18:19:58.990246912Z"
       }
      }
     }
    ]
   }
  }
 ]
}
