{
 "actions": [
  {
   "action_id": {
    "group_name": "Trial2023-03-24T18-11-56.018659164Z",
    "action_name": "InternalAcquisitions",
    "timestamp": "2023-03-24T18:11:56.154577244Z"
   },
   "metadata": {
    "detailed-position-data": [
     {
      "data_id": {
       "action_id": {
        "timestamp": "2023-03-24T18:11:56.154577244Z",
        "action_name": "InternalAcquisitions",
        "group_name": "Trial2023-03-24T18-11-56.018659164Z"
       },
       "channel": "detailed-position-data",
       "data_name": ""
      },
      "data": {
       "lost_detector_state": {
        "is_lost": false
       },
       "remote_cloud_status": [],
       "localization": {
        "seed_tform_body": {},
        "waypoint_id": ""
       },
       "robot_kinematics": {
        "transforms_snapshot": {
         "child_to_parent_edge_map": {
          "body": {
           "parent_frame_name": "",
           "parent_tform_child": {
            "rotation": {
             "x": 0,
             "y": 0,
             "w": 1,
             "z": 0
            },
            "position": {
             "z": 0,
             "x": 0,
             "y": 0
            }
           }
          },
          "hand": {
           "parent_tform_child": {
            "position": {
             "x": 0.55282175540924072,
             "y": 0.00047071443987078965,
             "z": 0.26528245210647583
            },
            "rotation": {
             "x": -0.00018439358973409981,
             "z": 0.00090678862761706114,
             "w": 0.99999570846557617,
             "y": 0.0027672862634062767
            }
           },
           "parent_frame_name": "body"
          },
          "flat_body": {
           "parent_frame_name": "body",
           "parent_tform_child": {
            "position": {
             "y": 0,
             "z": 0,
             "x": 0
            },
            "rotation": {
             "x": -0.0049038738943636417,
             "y": 0.0085142841562628746,
             "w": 0.99995172023773193,
             "z": -4.1723513277247548e-05
            }
           }
          },
          "gpe": {
           "parent_tform_child": {
            "position": {
             "x": -0.69165778160095215,
             "y": 2.9963793754577637,
             "z": 1.3367526531219482
            },
            "rotation": {
             "y": -2.6132616767426953e-05,
             "w": 0.99998915195465088,
             "z": 1.2178774966287165e-07,
             "x": -0.0046603227965533733
            }
           },
           "parent_frame_name": "odom"
          },
          "vision": {
           "parent_tform_child": {
            "position": {
             "x": -0.57049942016601562,
             "y": 3.0568876266479492,
             "z": 0.010902762413024902
            },
            "rotation": {
             "w": 0.9999433159828186,
             "z": -0.004115336574614048,
             "x": -0.0049385190941393375,
             "y": 0.0084942365065217018
            }
           },
           "parent_frame_name": "body"
          },
          "link_wr1": {
           "parent_frame_name": "body",
           "parent_tform_child": {
            "position": {
             "x": 0.35725510120391846,
             "y": 0.00011623423779383302,
             "z": 0.26636490225791931
            },
            "rotation": {
             "x": -0.00018439358973409981,
             "w": 0.99999570846557617,
             "y": 0.0027672862634062767,
             "z": 0.00090678862761706114
            }
           }
          },
          "odom": {
           "parent_tform_child": {
            "rotation": {
             "w": 0.14521995186805725,
             "z": -0.98935061693191528,
             "y": -0.0036150002852082253,
             "x": -0.00913634430617094
            },
            "position": {
             "z": -1.4285523891448975,
             "y": 2.6572113037109375,
             "x": -1.54789400100708
            }
           },
           "parent_frame_name": "body"
          }
         }
        },
        "velocity_of_body_in_vision": {
         "angular": {
          "y": -0.00176878715865314,
          "x": 0.00337264989502728,
          "z": 0.00030282331863418221
         },
         "linear": {
          "x": 0.00012579617032315582,
          "z": 0.00040140259079635143,
          "y": 0.000181414041435346
         }
        },
        "acquisition_timestamp": "2023-03-24T18:11:56.027371776Z",
        "velocity_of_body_in_odom": {
         "angular": {
          "y": 0.0026857054326683283,
          "x": -0.0027000659611076117,
          "z": 0.00030282331863418221
         },
         "linear": {
          "y": -0.00013618511729873717,
          "x": -0.00017375053721480072,
          "z": 0.00040140352211892605
         }
        },
        "joint_states": [
         {
          "name": "fl.hx",
          "acceleration": 1.6039414405822754,
          "load": -0.011307893320918083,
          "position": 0.52063846588134766,
          "velocity": -0.011839821934700012
         },
         {
          "load": 0.77599292993545532,
          "acceleration": -1.0117355585098267,
          "position": 1.4347258806228638,
          "name": "fl.hy",
          "velocity": -0.0093373320996761322
         },
         {
          "position": -2.7956924438476562,
          "velocity": 0.012271766550838947,
          "acceleration": 10.433923721313477,
          "name": "fl.kn",
          "load": 0.00053269177442416549
         },
         {
          "position": -0.51919466257095337,
          "velocity": 0.00071891059633344412,
          "load": -0.73578000068664551,
          "acceleration": 0.0027812086045742035,
          "name": "fr.hx"
         },
         {
          "name": "fr.hy",
          "load": 1.0470105409622192,
          "position": 1.4282913208007812,
          "acceleration": -1.1820516586303711,
          "velocity": 0.0075094085186719894
         },
         {
          "load": 0.12955479323863983,
          "position": -2.7985773086547852,
          "velocity": -0.019739093258976936,
          "acceleration": -1.46419358253479,
          "name": "fr.kn"
         },
         {
          "name": "hl.hx",
          "position": 0.57070541381835938,
          "acceleration": -1.0026810169219971,
          "velocity": 0.0013713478110730648,
          "load": -0.6946263313293457
         },
         {
          "acceleration": -0.71187418699264526,
          "velocity": 0.00050423643551766872,
          "position": 1.4221197366714478,
          "name": "hl.hy",
          "load": 1.1236263513565063
         },
         {
          "name": "hl.kn",
          "velocity": 0.033001523464918137,
          "acceleration": 4.5347967147827148,
          "position": -2.7955102920532227,
          "load": 0.12183358520269394
         },
         {
          "load": 0.50375348329544067,
          "acceleration": -1.102339506149292,
          "position": -0.58168709278106689,
          "name": "hr.hx",
          "velocity": 0.0010033345315605402
         },
         {
          "load": 1.9560607671737671,
          "velocity": -0.0064298748038709164,
          "acceleration": 3.6966114044189453,
          "name": "hr.hy",
          "position": 1.4185903072357178
         },
         {
          "velocity": -0.0419108085334301,
          "position": -2.7960784435272217,
          "load": 0.21621574461460114,
          "acceleration": 3.3710711002349854,
          "name": "hr.kn"
         },
         {
          "load": -0.49974599480628967,
          "name": "arm0.sh0",
          "velocity": -0.0021699240896850824,
          "position": 0.0017812252044677734,
          "acceleration": 0.19021616876125336
         },
         {
          "name": "arm0.sh1",
          "acceleration": 0.13088284432888031,
          "position": -3.1250534057617188,
          "load": 3.2171063423156738,
          "velocity": -0.0020714669954031706
         },
         {
          "load": 0,
          "position": 0,
          "velocity": 0,
          "name": "arm0.hr0",
          "acceleration": 0
         },
         {
          "load": 1.3557395935058594,
          "name": "arm0.el0",
          "position": 3.1305882930755615,
          "velocity": -0.00047320479643531144,
          "acceleration": 0.84798800945281982
         },
         {
          "name": "arm0.el1",
          "load": 0.051408421248197556,
          "velocity": 0.013894181698560715,
          "position": 1.5700188875198364,
          "acceleration": 1.8481086492538452
         },
         {
          "velocity": -0.010813784785568714,
          "acceleration": 1.6809747219085693,
          "name": "arm0.wr0",
          "load": -0.035017915070056915,
          "position": 3.1352043151855469e-05
         },
         {
          "name": "arm0.wr1",
          "velocity": 0.013626470230519772,
          "position": -1.570382833480835,
          "load": -0.054127272218465805,
          "acceleration": -0.14952006936073303
         },
         {
          "load": -0.0046873507089912891,
          "velocity": -0.027666382491588593,
          "name": "arm0.f1x",
          "position": -0.014242768287658691,
          "acceleration": -1.3567109107971191
         }
        ]
       }
      }
     }
    ]
   }
  }
 ]
}
