{
 "actions": [
  {
   "metadata": {
    "robot-state": [
     {
      "data": {
       "kinematic_state": {
        "velocity_of_body_in_vision": {
         "linear": {
          "z": 8.69162759045139e-05,
          "y": 0.00031692202901467681,
          "x": -0.00028299572295509279
         },
         "angular": {
          "z": 0.0024062299635261297,
          "y": 0.0012249859282746911,
          "x": 0.0035030881408602
         }
        },
        "velocity_of_body_in_odom": {
         "linear": {
          "y": -0.00038627791218459606,
          "x": 0.00017696095164865255,
          "z": 8.691908442415297e-05
         },
         "angular": {
          "x": -0.0037085420917719603,
          "z": 0.0024062299635261297,
          "y": -0.00013756169937551022
         }
        },
        "acquisition_timestamp": "2023-03-24T19:19:30.520227072Z",
        "transforms_snapshot": {
         "child_to_parent_edge_map": {
          "flat_body": {
           "parent_tform_child": {
            "rotation": {
             "y": 0.0085565671324729919,
             "w": 0.99994927644729614,
             "x": -0.0053117456845939159,
             "z": -4.5400942326523364e-05
            },
            "position": {
             "z": 0,
             "y": 0,
             "x": 0
            }
           },
           "parent_frame_name": "body"
          },
          "vision": {
           "parent_frame_name": "body",
           "parent_tform_child": {
            "position": {
             "x": -0.569881796836853,
             "y": 3.0572679042816162,
             "z": 0.0084859114140272141
            },
            "rotation": {
             "w": 0.99994027614593506,
             "z": -0.0042511541396379471,
             "y": 0.008534151129424572,
             "x": -0.0053476882167160511
            }
           }
          },
          "body": {
           "parent_frame_name": "",
           "parent_tform_child": {
            "position": {
             "x": 0,
             "y": 0,
             "z": 0
            },
            "rotation": {
             "z": 0,
             "y": 0,
             "w": 1,
             "x": 0
            }
           }
          },
          "hand": {
           "parent_frame_name": "body",
           "parent_tform_child": {
            "rotation": {
             "y": 0.0027751477900892496,
             "w": 0.99999570846557617,
             "z": 0.00091873633209615946,
             "x": -0.00019352787057869136
            },
            "position": {
             "y": 0.00047634387738071382,
             "z": 0.26527562737464905,
             "x": 0.552823007106781
            }
           }
          },
          "gpe": {
           "parent_tform_child": {
            "position": {
             "z": 1.7236838340759277,
             "y": 3.0140271186828613,
             "x": -0.677935004234314
            },
            "rotation": {
             "y": -2.6132616767426953e-05,
             "z": 1.2178774966287165e-07,
             "w": 0.99998915195465088,
             "x": -0.0046603227965533733
            }
           },
           "parent_frame_name": "odom"
          },
          "link_wr1": {
           "parent_frame_name": "body",
           "parent_tform_child": {
            "position": {
             "z": 0.26636117696762085,
             "y": 0.00011720095062628388,
             "x": 0.35725632309913635
            },
            "rotation": {
             "y": 0.0027751477900892496,
             "x": -0.00019352787057869136,
             "w": 0.99999570846557617,
             "z": 0.00091873633209615946
            }
           }
          },
          "odom": {
           "parent_tform_child": {
            "position": {
             "y": 2.6737799644470215,
             "z": -1.8178420066833496,
             "x": -1.5447880029678345
            },
            "rotation": {
             "z": -0.98939657211303711,
             "y": -0.004015450831502676,
             "x": -0.0092361047863960266,
             "w": 0.14488948881626129
            }
           },
           "parent_frame_name": "body"
          }
         }
        },
        "joint_states": [
         {
          "position": 0.520625650882721,
          "load": -0.021921351552009583,
          "name": "fl.hx",
          "velocity": -0.0061524338088929653,
          "acceleration": 1.4149948358535767
         },
         {
          "load": 0.92927759885787964,
          "position": 1.4347066879272461,
          "acceleration": -3.7294363975524902,
          "name": "fl.hy",
          "velocity": 0.0097295083105564117
         },
         {
          "name": "fl.kn",
          "velocity": -0.02293858490884304,
          "load": -0.029298048466444016,
          "position": -2.7956924438476562,
          "acceleration": -2.4185640811920166
         },
         {
          "position": -0.51918834447860718,
          "name": "fr.hx",
          "load": -0.69745039939880371,
          "acceleration": -0.90928733348846436,
          "velocity": 0.0053535164333879948
         },
         {
          "name": "fr.hy",
          "position": 1.428253173828125,
          "acceleration": -1.7835192680358887,
          "load": 1.1677172183990479,
          "velocity": -0.007630801759660244
         },
         {
          "load": 0.16344739496707916,
          "position": -2.7985773086547852,
          "acceleration": 2.6992197036743164,
          "name": "fr.kn",
          "velocity": 0.0010847609955817461
         },
         {
          "velocity": -0.0091953631490468979,
          "name": "hl.hx",
          "position": 0.57073730230331421,
          "acceleration": -1.2203929424285889,
          "load": -0.87583881616592407
         },
         {
          "load": 1.1772475242614746,
          "position": 1.422081470489502,
          "name": "hl.hy",
          "velocity": -0.0015781699912622571,
          "acceleration": -2.0478899478912354
         },
         {
          "acceleration": -2.8559226989746094,
          "velocity": -0.00080085481749847531,
          "name": "hl.kn",
          "load": 0.147488534450531,
          "position": -2.7955582141876221
         },
         {
          "load": 0.64695155620574951,
          "name": "hr.hx",
          "velocity": -0.017092889174818993,
          "position": -0.58172547817230225,
          "acceleration": -2.7931303977966309
         },
         {
          "name": "hr.hy",
          "acceleration": 2.3037238121032715,
          "load": 1.9771326780319214,
          "velocity": 0.010395294986665249,
          "position": 1.4185713529586792
         },
         {
          "position": -2.7960145473480225,
          "name": "hr.kn",
          "acceleration": -0.70272165536880493,
          "load": 0.22455531358718872,
          "velocity": 0.00323671312071383
         },
         {
          "name": "arm0.sh0",
          "position": 0.0017960071563720703,
          "velocity": -0.00016929658886510879,
          "load": -0.48546275496482849,
          "acceleration": 0.45375317335128784
         },
         {
          "acceleration": 1.3576388359069824,
          "load": 3.2491331100463867,
          "name": "arm0.sh1",
          "position": -3.1250457763671875,
          "velocity": 0.0077627422288060188
         },
         {
          "acceleration": 0,
          "position": 0,
          "name": "arm0.hr0",
          "velocity": 0,
          "load": 0
         },
         {
          "position": 3.130596399307251,
          "velocity": -0.012288928031921387,
          "load": 1.3786637783050537,
          "name": "arm0.el0",
          "acceleration": 0.078797236084938049
         },
         {
          "velocity": 0.0047725089825689793,
          "name": "arm0.el1",
          "load": 0.056767683476209641,
          "position": 1.570009708404541,
          "acceleration": 1.1927863359451294
         },
         {
          "velocity": 0.01406034454703331,
          "load": -0.025743566453456879,
          "acceleration": -4.1032962799072266,
          "position": 4.0411949157714844e-05,
          "name": "arm0.wr0"
         },
         {
          "name": "arm0.wr1",
          "load": -0.052207812666893005,
          "acceleration": -0.20403225719928741,
          "velocity": -0.020656537264585495,
          "position": -1.5703918933868408
         },
         {
          "position": -0.014230847358703613,
          "load": -0.053063672035932541,
          "name": "arm0.f1x",
          "velocity": -0.00548553466796875,
          "acceleration": 0.13496220111846924
         }
        ]
       },
       "comms_states": [
        {
         "wifi_state": {
          "current_mode": "MODE_ACCESS_POINT",
          "essid": ""
         },
         "timestamp": "2023-03-24T19:19:29.662313428Z"
        }
       ],
       "battery_states": [
        {
         "temperatures": [
          36.077777862548828,
          36.174072265625,
          36.614814758300781,
          36.866664886474609,
          36.048149108886719,
          36.855556488037109,
          36.518520355224609,
          36.344444274902344,
          36.351852416992188,
          36.555557250976562
         ],
         "estimated_runtime": "5627.580566406s",
         "status": "STATUS_CHARGING",
         "identifier": "a2-22518-0029",
         "charge_percentage": 100,
         "voltage": 57.5260009765625,
         "current": 0
        }
       ],
       "terrain_state": {
        "is_unsafe_to_sit": false
       },
       "behavior_fault_state": {
        "faults": []
       },
       "system_fault_state": {
        "historical_faults": [],
        "faults": [],
        "aggregated": {}
       },
       "foot_state": [
        {
         "foot_position_rt_body": {
          "z": -0.09027862548828125,
          "y": 0.23465441167354584,
          "x": 0.33060359954833984
         },
         "contact": "CONTACT_LOST",
         "terrain": {
          "visual_surface_ground_penetration_mean": 0,
          "foot_slip_velocity_rt_frame": {
           "y": 0.0079839173704385757,
           "z": -5.5443229939555749e-05,
           "x": -0.0070764669217169285
          },
          "visual_surface_ground_penetration_std": 0,
          "foot_slip_distance_rt_frame": {
           "x": -0.0033233442809432745,
           "z": 1.6827709259814583e-05,
           "y": -0.00049139518523588777
          },
          "ground_contact_normal_rt_frame": {
           "y": 0.010107136331498623,
           "z": 0.99994254112243652,
           "x": 0.0035687307827174664
          },
          "ground_mu_est": 0.60000002384185791,
          "frame_name": "odom"
         }
        },
        {
         "foot_position_rt_body": {
          "y": -0.23392020165920258,
          "z": -0.089479394257068634,
          "x": 0.33196395635604858
         },
         "contact": "CONTACT_LOST",
         "terrain": {
          "foot_slip_distance_rt_frame": {
           "x": -0.0018791683251038194,
           "z": -2.9545760753535433e-06,
           "y": 0.00095560477348044515
          },
          "visual_surface_ground_penetration_std": 0,
          "ground_contact_normal_rt_frame": {
           "z": 0.99994254112243652,
           "y": 0.010107683949172497,
           "x": 0.0035678443964570761
          },
          "ground_mu_est": 0.60000002384185791,
          "frame_name": "odom",
          "visual_surface_ground_penetration_mean": 0,
          "foot_slip_velocity_rt_frame": {
           "z": -0.00013935622700955719,
           "x": -0.024291837587952614,
           "y": 0.022360948845744133
          }
         }
        },
        {
         "terrain": {
          "foot_slip_velocity_rt_frame": {
           "z": 0.00076231930870562792,
           "x": -0.017185568809509277,
           "y": -0.069640994071960449
          },
          "ground_contact_normal_rt_frame": {
           "z": 0.99994301795959473,
           "y": 0.010077797807753086,
           "x": 0.0035173802170902491
          },
          "foot_slip_distance_rt_frame": {
           "y": -0.0048410315066576,
           "z": 6.1555896536447108e-05,
           "x": -0.0036292434670031071
          },
          "ground_mu_est": 0.60000002384185791,
          "visual_surface_ground_penetration_mean": 0,
          "visual_surface_ground_penetration_std": 0,
          "frame_name": "odom"
         },
         "contact": "CONTACT_LOST",
         "foot_position_rt_body": {
          "y": 0.23874564468860626,
          "z": -0.080846406519413,
          "x": -0.26299488544464111
         }
        },
        {
         "terrain": {
          "foot_slip_velocity_rt_frame": {
           "y": 0.055472396314144135,
           "z": -0.00075973873026669025,
           "x": 0.056906227022409439
          },
          "foot_slip_distance_rt_frame": {
           "x": 0.00033826567232608795,
           "y": 0.005497966893017292,
           "z": -5.6627060985192657e-05
          },
          "visual_surface_ground_penetration_std": 0,
          "ground_contact_normal_rt_frame": {
           "z": 0.99994301795959473,
           "x": 0.0035216519609093666,
           "y": 0.010082369670271873
          },
          "frame_name": "odom",
          "ground_mu_est": 0.60000002384185791,
          "visual_surface_ground_penetration_mean": 0
         },
         "contact": "CONTACT_LOST",
         "foot_position_rt_body": {
          "z": -0.078586608171463013,
          "y": -0.23946772515773773,
          "x": -0.26236501336097717
         }
        }
       ],
       "manipulator_state": {
        "estimated_end_effector_force_in_hand": {
         "x": 8.1179618835449219,
         "z": 18.022613525390625,
         "y": 1.0252264738082886
        },
        "velocity_of_hand_in_odom": {
         "linear": {
          "x": -0.00064231886062771082,
          "z": 0.0047837309539318085,
          "y": -0.0032749699894338846
         },
         "angular": {
          "x": 0.012997390702366829,
          "z": 0.01606377586722374,
          "y": -0.00024095107801258564
         }
        },
        "stow_state": "STOWSTATE_STOWED",
        "velocity_of_hand_in_vision": {
         "linear": {
          "z": 0.0047837281599640846,
          "x": -0.00035193416988477111,
          "y": 0.0033187568187713623
         },
         "angular": {
          "z": 0.01606377586722374,
          "x": -0.012490540742874146,
          "y": -0.0036023128777742386
         }
        },
        "is_gripper_holding_item": false,
        "gripper_open_percentage": 0.90642571449279785,
        "carry_state": "CARRY_STATE_NOT_CARRIABLE"
       },
       "estop_states": [
        {
         "name": "hardware_estop",
         "state_description": "",
         "state": "STATE_NOT_ESTOPPED",
         "type": "TYPE_HARDWARE",
         "timestamp": "2023-03-24T19:19:30.520227072Z"
        },
        {
         "name": "payload_estop",
         "state": "STATE_NOT_ESTOPPED",
         "state_description": "",
         "type": "TYPE_HARDWARE",
         "timestamp": "2023-03-24T19:19:30.520227072Z"
        },
        {
         "name": "software_estop",
         "type": "TYPE_SOFTWARE",
         "timestamp": "2023-03-24T19:19:30.520227072Z",
         "state": "STATE_NOT_ESTOPPED",
         "state_description": ""
        }
       ],
       "power_state": {
        "payload_ports_power_state": "PAYLOAD_PORTS_POWER_STATE_ON",
        "motor_power_state": "STATE_OFF",
        "wifi_radio_power_state": "WIFI_RADIO_POWER_STATE_ON",
        "locomotion_estimated_runtime": "5627.580566406s",
        "lte_radio_power_state": "LTE_RADIO_POWER_STATE_ON",
        "robot_power_state": "ROBOT_POWER_STATE_ON",
        "locomotion_charge_percentage": 100,
        "shore_power_state": "STATE_ON_SHORE_POWER"
       }
      },
      "data_id": {
       "action_id": {
        "action_name": "InternalAcquisitions",
        "timestamp": "2023-03-24T19:19:30.500187559Z",
        "group_name": "Trial2023-03-24T19-19-30.366570151Z"
       },
       "channel": "robot-state",
       "data_name": ""
      }
     }
    ]
   },
   "action_id": {
    "group_name": "Trial2023-03-24T19-19-30.366570151Z",
    "timestamp": "2023-03-24T19:19:30.500187559Z",
    "action_name": "InternalAcquisitions"
   }
  }
 ]
}
