{
 "actions": [
  {
   "action_id": {
    "group_name": "Trial2023-03-24T18-21-52.641003696Z",
    "timestamp": "2023-03-24T18:21:52.741513904Z",
    "action_name": "InternalAcquisitions"
   },
   "metadata": {
    "detailed-position-data": [
     {
      "data": {
       "lost_detector_state": {
        "is_lost": false
       },
       "localization": {
        "seed_tform_body": {},
        "waypoint_id": ""
       },
       "remote_cloud_status": [],
       "robot_kinematics": {
        "velocity_of_body_in_odom": {
         "angular": {
          "x": -0.0049850130453705788,
          "z": -0.0018203153740614653,
          "y": -0.0032110060565173626
         },
         "linear": {
          "z": -0.00025559592177160084,
          "y": 0.00029597437242046,
          "x": -0.00015407302998937666
         }
        },
        "joint_states": [
         {
          "acceleration": -1.8357013463974,
          "velocity": -0.011554033495485783,
          "position": 0.52063846588134766,
          "load": -0.032534811645746231,
          "name": "fl.hx"
         },
         {
          "name": "fl.hy",
          "velocity": -0.0023210053332149982,
          "acceleration": 1.81337308883667,
          "position": 1.4347003698349,
          "load": 0.858109712600708
         },
         {
          "load": -0.020774172618985176,
          "acceleration": -0.64319354295730591,
          "velocity": -0.0190277099609375,
          "position": -2.7957084178924561,
          "name": "fl.kn"
         },
         {
          "position": -0.51920753717422485,
          "load": -0.7303043007850647,
          "velocity": -0.0072714029811322689,
          "name": "fr.hx",
          "acceleration": 1.6124724149703979
         },
         {
          "load": 1.1018772125244141,
          "acceleration": -0.59358048439025879,
          "velocity": 0.00852491706609726,
          "position": 1.4282913208007812,
          "name": "fr.hy"
         },
         {
          "name": "fr.kn",
          "acceleration": 7.7496027946472168,
          "velocity": -0.017109265550971031,
          "position": -2.798593282699585,
          "load": 0.16767743229866028
         },
         {
          "acceleration": 2.5762712955474854,
          "position": 0.57073092460632324,
          "velocity": 0.014252619817852974,
          "load": -0.77699565887451172,
          "name": "hl.hx"
         },
         {
          "name": "hl.hy",
          "load": 1.1557990312576294,
          "velocity": -0.0028112612199038267,
          "position": 1.4220877885818481,
          "acceleration": -1.4950246810913086
         },
         {
          "velocity": -0.013616851530969143,
          "name": "hl.kn",
          "load": 0.12611226737499237,
          "acceleration": 1.9114851951599121,
          "position": -2.7955102920532227
         },
         {
          "name": "hr.hx",
          "load": 0.58086013793945312,
          "position": -0.58168065547943115,
          "velocity": -0.010121538303792477,
          "acceleration": 1.4261823892593384
         },
         {
          "position": 1.4185645580291748,
          "name": "hr.hy",
          "velocity": 0.0070460867136716843,
          "load": 1.9665967226028442,
          "acceleration": -2.6530981063842773
         },
         {
          "position": -2.7960624694824219,
          "velocity": 2.2656990040559322e-05,
          "acceleration": 1.0584731101989746,
          "name": "hr.kn",
          "load": 0.2203766405582428
         },
         {
          "load": -0.48546275496482849,
          "name": "arm0.sh0",
          "velocity": 0.0017452139873057604,
          "acceleration": -1.0272952318191528,
          "position": 0.0017886161804199219
         },
         {
          "velocity": 0.0063451537862420082,
          "position": -3.1250534057617188,
          "acceleration": 0.0064707892015576363,
          "load": 3.2354121208190918,
          "name": "arm0.sh1"
         },
         {
          "acceleration": 0,
          "position": 0,
          "velocity": 0,
          "name": "arm0.hr0",
          "load": 0
         },
         {
          "acceleration": 1.2801816463470459,
          "position": 3.1305882930755615,
          "load": 1.3694940805435181,
          "name": "arm0.el0",
          "velocity": 0.002867064205929637
         },
         {
          "position": 1.5700279474258423,
          "velocity": -0.011895262636244297,
          "name": "arm0.el1",
          "load": 0.056767683476209641,
          "acceleration": 1.3263639211654663
         },
         {
          "acceleration": 2.0560688972473145,
          "name": "arm0.wr0",
          "velocity": 0.0046465755440294743,
          "load": -0.027598436921834946,
          "position": 3.1352043151855469e-05
         },
         {
          "name": "arm0.wr1",
          "load": -0.054127272218465805,
          "acceleration": -0.29661846160888672,
          "velocity": 0.0098029114305973053,
          "position": -1.5704009532928467
         },
         {
          "name": "arm0.f1x",
          "acceleration": 1.3612513542175293,
          "velocity": -0.0021345075219869614,
          "position": -0.014230847358703613,
          "load": -0.10968304425477982
         }
        ],
        "velocity_of_body_in_vision": {
         "angular": {
          "y": 0.0045313667505979538,
          "z": -0.0018203153740614653,
          "x": 0.0038246102631092072
         },
         "linear": {
          "y": -0.00023780135961715132,
          "z": -0.00025560057838447392,
          "x": 0.00023407413391396403
         }
        },
        "acquisition_timestamp": "2023-03-24T18:21:52.636646912Z",
        "transforms_snapshot": {
         "child_to_parent_edge_map": {
          "hand": {
           "parent_tform_child": {
            "rotation": {
             "y": 0.00276728137396276,
             "z": 0.00091049657203257084,
             "x": -0.00018893374362960458,
             "w": 0.99999570846557617
            },
            "position": {
             "y": 0.00047264210297726095,
             "z": 0.26528245210647583,
             "x": 0.55282175540924072
            }
           },
           "parent_frame_name": "body"
          },
          "flat_body": {
           "parent_tform_child": {
            "position": {
             "z": 0,
             "x": 0,
             "y": 0
            },
            "rotation": {
             "w": 0.99995535612106323,
             "x": -0.0051173507235944271,
             "y": 0.0079450765624642372,
             "z": -4.0686416468815878e-05
            }
           },
           "parent_frame_name": "body"
          },
          "body": {
           "parent_tform_child": {
            "rotation": {
             "z": 0,
             "x": 0,
             "w": 1,
             "y": 0
            },
            "position": {
             "x": 0,
             "y": 0,
             "z": 0
            }
           },
           "parent_frame_name": ""
          },
          "vision": {
           "parent_frame_name": "body",
           "parent_tform_child": {
            "position": {
             "y": 3.0567824840545654,
             "x": -0.570348858833313,
             "z": 0.0091328658163547516
            },
            "rotation": {
             "y": 0.0079237492755055428,
             "w": 0.999946653842926,
             "x": -0.0051503139548003674,
             "z": -0.0041949865408241749
            }
           }
          },
          "gpe": {
           "parent_frame_name": "odom",
           "parent_tform_child": {
            "position": {
             "z": 1.4025516510009766,
             "y": 2.9896903038024902,
             "x": -0.68408620357513428
            },
            "rotation": {
             "x": -0.0046603227965533733,
             "z": 1.2178774966287165e-07,
             "w": 0.99998915195465088,
             "y": -2.6132616767426953e-05
            }
           }
          },
          "link_wr1": {
           "parent_frame_name": "body",
           "parent_tform_child": {
            "position": {
             "x": 0.35725510120391846,
             "y": 0.00011671648826450109,
             "z": 0.26636490225791931
            },
            "rotation": {
             "x": -0.00018893374362960458,
             "z": 0.00091049657203257084,
             "y": 0.00276728137396276,
             "w": 0.99999570846557617
            }
           }
          },
          "odom": {
           "parent_frame_name": "body",
           "parent_tform_child": {
            "rotation": {
             "z": -0.98952311277389526,
             "y": -0.00391895417124033,
             "w": 0.1440650075674057,
             "x": -0.00859961099922657
            },
            "position": {
             "x": -1.5319308042526245,
             "z": -1.497472882270813,
             "y": 2.65521240234375
            }
           }
          }
         }
        }
       }
      },
      "data_id": {
       "action_id": {
        "timestamp": "2023-03-24T18:21:52.741513904Z",
        "action_name": "InternalAcquisitions",
        "group_name": "Trial2023-03-24T18-21-52.641003696Z"
       },
       "data_name": "",
       "channel": "detailed-position-data"
      }
     }
    ]
   }
  }
 ]
}
